S1	cluster1	277	62	AB1	1	540M	NM:i:0	MD:Z:540
S1	cluster2	235	54	AB1	1	540M	NM:i:2	MD:Z:178T112C248
S1	cluster5	185	45	ALT2	1	540M	NM:i:1	MD:Z:440G99
S1	cluster3	208	51	B2	1	540M	NM:i:1	MD:Z:450A89
S1	cluster4	202	46	D1	1	540M	NM:i:0	MD:Z:540
S1	cluster6	184	44	D1	1	540M	NM:i:1	MD:Z:382C157
S2	cluster1	297	66	AB1	1	540M	NM:i:1	MD:Z:291C248
S2	cluster4	184	41	AB1	1	540M	NM:i:0	MD:Z:540
S2	cluster3	191	45	ALT2	1	540M	NM:i:3	MD:Z:86G0C352G99
S2	cluster5	183	42	B2	1	540M	NM:i:1	MD:Z:450A89
S2	cluster2	204	49	D1	1	540M	NM:i:5	MD:Z:86C0G7T315G9G118
S2	cluster6	182	44	D1	1	540M	NM:i:0	MD:Z:540
